rx_wall_time,timestamp_ms,priority,src,src_name,dst,dst_name,cls,cls_name,opcode,opcode_name,p2,p3,p4,p5,p6,p7,can_id_hex
1776885267.416,22010,1,3,COMMS,255,BROADCAST,0,HEARTBEAT,48,HEARTBEAT,1,0,0,0,0,0,0x0400FFC0
1776885271.405,26027,1,3,COMMS,255,BROADCAST,0,HEARTBEAT,48,HEARTBEAT,1,0,0,0,0,0,0x0400FFC0
1776885275.430,30043,1,3,COMMS,255,BROADCAST,0,HEARTBEAT,48,HEARTBEAT,1,0,0,0,0,0,0x0400FFC0
1776885279.437,34060,1,3,COMMS,255,BROADCAST,0,HEARTBEAT,48,HEARTBEAT,1,0,0,0,0,0,0x0400FFC0
1776885283.487,38076,1,3,COMMS,255,BROADCAST,0,HEARTBEAT,48,HEARTBEAT,1,0,0,0,0,0,0x0400FFC0
1776885287.481,42092,1,3,COMMS,255,BROADCAST,0,HEARTBEAT,48,HEARTBEAT,1,0,0,0,0,0,0x0400FFC0
1776885291.488,46108,1,3,COMMS,255,BROADCAST,0,HEARTBEAT,48,HEARTBEAT,1,0,0,0,0,0,0x0400FFC0
1776885295.507,50124,1,3,COMMS,255,BROADCAST,0,HEARTBEAT,48,HEARTBEAT,1,0,0,0,0,0,0x0400FFC0
1776885299.522,54140,1,3,COMMS,255,BROADCAST,0,HEARTBEAT,48,HEARTBEAT,1,0,0,0,0,0,0x0400FFC0
1776885303.542,58156,1,3,COMMS,255,BROADCAST,0,HEARTBEAT,48,HEARTBEAT,1,0,0,0,0,0,0x0400FFC0
1776885307.542,62173,1,3,COMMS,255,BROADCAST,0,HEARTBEAT,48,HEARTBEAT,1,0,0,0,0,0,0x0400FFC0
1776885311.569,66190,1,3,COMMS,255,BROADCAST,0,HEARTBEAT,48,HEARTBEAT,1,0,0,0,0,0,0x0400FFC0
1776885315.579,70205,1,3,COMMS,255,BROADCAST,0,HEARTBEAT,48,HEARTBEAT,1,0,0,0,0,0,0x0400FFC0
1776885319.634,74221,1,3,COMMS,255,BROADCAST,0,HEARTBEAT,48,HEARTBEAT,1,0,0,0,0,0,0x0400FFC0
1776885323.649,78236,1,3,COMMS,255,BROADCAST,0,HEARTBEAT,48,HEARTBEAT,1,0,0,0,0,0,0x0400FFC0
1776885327.623,82251,1,3,COMMS,255,BROADCAST,0,HEARTBEAT,48,HEARTBEAT,1,0,0,0,0,0,0x0400FFC0
1776885331.646,86266,1,3,COMMS,255,BROADCAST,0,HEARTBEAT,48,HEARTBEAT,1,0,0,0,0,0,0x0400FFC0
1776885335.652,90282,1,3,COMMS,255,BROADCAST,0,HEARTBEAT,48,HEARTBEAT,1,0,0,0,0,0,0x0400FFC0
1776885339.707,94298,1,3,COMMS,255,BROADCAST,0,HEARTBEAT,48,HEARTBEAT,1,0,0,0,0,0,0x0400FFC0
1776885343.699,98315,1,3,COMMS,255,BROADCAST,0,HEARTBEAT,48,HEARTBEAT,1,0,0,0,0,0,0x0400FFC0
1776885347.711,102331,1,3,COMMS,255,BROADCAST,0,HEARTBEAT,48,HEARTBEAT,1,0,0,0,0,0,0x0400FFC0
1776885351.728,106348,1,3,COMMS,255,BROADCAST,0,HEARTBEAT,48,HEARTBEAT,1,0,0,0,0,0,0x0400FFC0
1776885355.781,110363,1,3,COMMS,255,BROADCAST,0,HEARTBEAT,48,HEARTBEAT,1,0,0,0,0,0,0x0400FFC0
1776885358.382,1932,1,3,COMMS,255,BROADCAST,0,HEARTBEAT,48,HEARTBEAT,1,0,0,0,0,0,0x0400FFC0
1776885362.446,5948,1,3,COMMS,255,BROADCAST,0,HEARTBEAT,48,HEARTBEAT,1,0,0,0,0,0,0x0400FFC0
1776885366.432,9963,1,3,COMMS,255,BROADCAST,0,HEARTBEAT,48,HEARTBEAT,1,0,0,0,0,0,0x0400FFC0
1776885370.435,13980,1,3,COMMS,255,BROADCAST,0,HEARTBEAT,48,HEARTBEAT,1,0,0,0,0,0,0x0400FFC0
1776885374.442,17995,1,3,COMMS,255,BROADCAST,0,HEARTBEAT,48,HEARTBEAT,1,0,0,0,0,0,0x0400FFC0
1776885378.462,22011,1,3,COMMS,255,BROADCAST,0,HEARTBEAT,48,HEARTBEAT,1,0,0,0,0,0,0x0400FFC0
1776885382.509,26027,1,3,COMMS,255,BROADCAST,0,HEARTBEAT,48,HEARTBEAT,1,0,0,0,0,0,0x0400FFC0
1776885385.790,1932,1,3,COMMS,255,BROADCAST,0,HEARTBEAT,48,HEARTBEAT,1,0,0,0,0,0,0x0400FFC0
1776885395.563,1929,1,3,COMMS,255,BROADCAST,0,HEARTBEAT,48,HEARTBEAT,1,0,0,0,0,0,0x0400FFC0
1776885399.612,5946,1,3,COMMS,255,BROADCAST,0,HEARTBEAT,48,HEARTBEAT,1,0,0,0,0,0,0x0400FFC0
1776885403.607,9963,1,3,COMMS,255,BROADCAST,0,HEARTBEAT,48,HEARTBEAT,1,0,0,0,0,0,0x0400FFC0
1776885407.623,13979,1,3,COMMS,255,BROADCAST,0,HEARTBEAT,48,HEARTBEAT,1,0,0,0,0,0,0x0400FFC0
1776885411.640,17995,1,3,COMMS,255,BROADCAST,0,HEARTBEAT,48,HEARTBEAT,1,0,0,0,0,0,0x0400FFC0
1776885415.688,22011,1,3,COMMS,255,BROADCAST,0,HEARTBEAT,48,HEARTBEAT,1,0,0,0,0,0,0x0400FFC0
1776885419.680,26028,1,3,COMMS,255,BROADCAST,0,HEARTBEAT,48,HEARTBEAT,1,0,0,0,0,0,0x0400FFC0
1776885423.688,30043,1,3,COMMS,255,BROADCAST,0,HEARTBEAT,48,HEARTBEAT,1,0,0,0,0,0,0x0400FFC0
1776885427.724,34060,1,3,COMMS,255,BROADCAST,0,HEARTBEAT,48,HEARTBEAT,1,0,0,0,0,0,0x0400FFC0
1776885431.710,38077,1,3,COMMS,255,BROADCAST,0,HEARTBEAT,48,HEARTBEAT,1,0,0,0,0,0,0x0400FFC0
1776885435.752,42094,1,3,COMMS,255,BROADCAST,0,HEARTBEAT,48,HEARTBEAT,1,0,0,0,0,0,0x0400FFC0
1776885439.754,46110,1,3,COMMS,255,BROADCAST,0,HEARTBEAT,48,HEARTBEAT,1,0,0,0,0,0,0x0400FFC0
1776885443.762,50126,1,3,COMMS,255,BROADCAST,0,HEARTBEAT,48,HEARTBEAT,1,0,0,0,0,0,0x0400FFC0
1776885447.785,54142,1,3,COMMS,255,BROADCAST,0,HEARTBEAT,48,HEARTBEAT,1,0,0,0,0,0,0x0400FFC0
1776885451.835,58157,1,3,COMMS,255,BROADCAST,0,HEARTBEAT,48,HEARTBEAT,1,0,0,0,0,0,0x0400FFC0
1776885455.828,62171,1,3,COMMS,255,BROADCAST,0,HEARTBEAT,48,HEARTBEAT,1,0,0,0,0,0,0x0400FFC0
1776885459.826,66186,1,3,COMMS,255,BROADCAST,0,HEARTBEAT,48,HEARTBEAT,1,0,0,0,0,0,0x0400FFC0
1776885463.845,70202,1,3,COMMS,255,BROADCAST,0,HEARTBEAT,48,HEARTBEAT,1,0,0,0,0,0,0x0400FFC0
1776885467.859,74218,1,3,COMMS,255,BROADCAST,0,HEARTBEAT,48,HEARTBEAT,1,0,0,0,0,0,0x0400FFC0
1776885471.911,78234,1,3,COMMS,255,BROADCAST,0,HEARTBEAT,48,HEARTBEAT,1,0,0,0,0,0,0x0400FFC0
1776885475.897,82251,1,3,COMMS,255,BROADCAST,0,HEARTBEAT,48,HEARTBEAT,1,0,0,0,0,0,0x0400FFC0
1776885479.908,86268,1,3,COMMS,255,BROADCAST,0,HEARTBEAT,48,HEARTBEAT,1,0,0,0,0,0,0x0400FFC0
1776885483.928,90284,1,3,COMMS,255,BROADCAST,0,HEARTBEAT,48,HEARTBEAT,1,0,0,0,0,0,0x0400FFC0
1776885487.982,94300,1,3,COMMS,255,BROADCAST,0,HEARTBEAT,48,HEARTBEAT,1,0,0,0,0,0,0x0400FFC0
1776885491.975,98317,1,3,COMMS,255,BROADCAST,0,HEARTBEAT,48,HEARTBEAT,1,0,0,0,0,0,0x0400FFC0
1776885495.975,102333,1,3,COMMS,255,BROADCAST,0,HEARTBEAT,48,HEARTBEAT,1,0,0,0,0,0,0x0400FFC0
1776885499.993,106349,1,3,COMMS,255,BROADCAST,0,HEARTBEAT,48,HEARTBEAT,1,0,0,0,0,0,0x0400FFC0
1776885504.007,110365,1,3,COMMS,255,BROADCAST,0,HEARTBEAT,48,HEARTBEAT,1,0,0,0,0,0,0x0400FFC0
1776885508.055,114381,1,3,COMMS,255,BROADCAST,0,HEARTBEAT,48,HEARTBEAT,1,0,0,0,0,0,0x0400FFC0
1776885512.046,118396,1,3,COMMS,255,BROADCAST,0,HEARTBEAT,48,HEARTBEAT,1,0,0,0,0,0,0x0400FFC0
1776885516.053,122411,1,3,COMMS,255,BROADCAST,0,HEARTBEAT,48,HEARTBEAT,1,0,0,0,0,0,0x0400FFC0
1776885520.056,126427,1,3,COMMS,255,BROADCAST,0,HEARTBEAT,48,HEARTBEAT,1,0,0,0,0,0,0x0400FFC0
1776885524.080,130442,1,3,COMMS,255,BROADCAST,0,HEARTBEAT,48,HEARTBEAT,1,0,0,0,0,0,0x0400FFC0
1776885528.122,134459,1,3,COMMS,255,BROADCAST,0,HEARTBEAT,48,HEARTBEAT,1,0,0,0,0,0,0x0400FFC0
1776885532.118,138476,1,3,COMMS,255,BROADCAST,0,HEARTBEAT,48,HEARTBEAT,1,0,0,0,0,0,0x0400FFC0
1776885536.130,142492,1,3,COMMS,255,BROADCAST,0,HEARTBEAT,48,HEARTBEAT,1,0,0,0,0,0,0x0400FFC0
1776885540.150,146508,1,3,COMMS,255,BROADCAST,0,HEARTBEAT,48,HEARTBEAT,1,0,0,0,0,0,0x0400FFC0
1776885544.199,150524,1,3,COMMS,255,BROADCAST,0,HEARTBEAT,48,HEARTBEAT,1,0,0,0,0,0,0x0400FFC0
1776885548.189,154542,1,3,COMMS,255,BROADCAST,0,HEARTBEAT,48,HEARTBEAT,1,0,0,0,0,0,0x0400FFC0
1776885552.203,158560,1,3,COMMS,255,BROADCAST,0,HEARTBEAT,48,HEARTBEAT,1,0,0,0,0,0,0x0400FFC0
1776885556.214,162577,1,3,COMMS,255,BROADCAST,0,HEARTBEAT,48,HEARTBEAT,1,0,0,0,0,0,0x0400FFC0
1776885560.234,166593,1,3,COMMS,255,BROADCAST,0,HEARTBEAT,48,HEARTBEAT,1,0,0,0,0,0,0x0400FFC0
1776885564.263,170611,1,3,COMMS,255,BROADCAST,0,HEARTBEAT,48,HEARTBEAT,1,0,0,0,0,0,0x0400FFC0
1776885568.268,174628,1,3,COMMS,255,BROADCAST,0,HEARTBEAT,48,HEARTBEAT,1,0,0,0,0,0,0x0400FFC0
1776885572.287,178645,1,3,COMMS,255,BROADCAST,0,HEARTBEAT,48,HEARTBEAT,1,0,0,0,0,0,0x0400FFC0
1776885576.304,182663,1,3,COMMS,255,BROADCAST,0,HEARTBEAT,48,HEARTBEAT,1,0,0,0,0,0,0x0400FFC0
1776885580.345,186679,1,3,COMMS,255,BROADCAST,0,HEARTBEAT,48,HEARTBEAT,1,0,0,0,0,0,0x0400FFC0
1776885584.340,190697,1,3,COMMS,255,BROADCAST,0,HEARTBEAT,48,HEARTBEAT,1,0,0,0,0,0,0x0400FFC0
1776885588.358,194714,1,3,COMMS,255,BROADCAST,0,HEARTBEAT,48,HEARTBEAT,1,0,0,0,0,0,0x0400FFC0
1776885592.373,198732,1,3,COMMS,255,BROADCAST,0,HEARTBEAT,48,HEARTBEAT,1,0,0,0,0,0,0x0400FFC0
1776885596.425,202749,1,3,COMMS,255,BROADCAST,0,HEARTBEAT,48,HEARTBEAT,1,0,0,0,0,0,0x0400FFC0
